essay_id,pred
9CDD8FC77D5A," {
  ""overall"": 3,
  ""cohesion"": 3,
  ""syntax"": 3,
  ""vocabulary"": 3,
  ""phraseology"": 3,
  ""grammar"": 3,
  ""conventions"": 3
}"
C19EDCF7BDD6," {
  ""overall"": 2,
  ""cohesion"": 2,
  ""syntax"": 2,
  ""vocabulary"": 2,
  ""phraseology"": 2,
  ""grammar"": 2,
  ""conventions"": 2
}"
99D067A7FA9C," ```json
{
  ""overall"": 3,
  ""cohesion"": 3,
  ""syntax"": 3,
  ""vocabulary"": 3,
  ""phraseology"": 3,
  ""grammar"": 3,
  ""conventions"": 3
}
```"
8E40E03B113A," ```json
{
  ""overall"": 3,
  ""cohesion"": 3,
  ""syntax"": 3,
  ""vocabulary"": 3,
  ""phraseology"": 3,
  ""grammar"": 2,
  ""conventions"": 2
}
```"
9A96A89DF959," {
  ""overall"": 3,
  ""cohesion"": 3,
  ""syntax"": 3,
  ""vocabulary"": 3,
  ""phraseology"": 3,
  ""grammar"": 3,
  ""conventions"": 3
}"
C4472C6DFE66," {
  ""overall"": 2,
  ""cohesion"": 2,
  ""syntax"": 2,
  ""vocabulary"": 2,
  ""phraseology"": 2,
  ""grammar"": 2,
  ""conventions"": 2
}"
4668B9F74078," ```json
{
  ""overall"": 3,
  ""cohesion"": 3,
  ""syntax"": 3,
  ""vocabulary"": 3,
  ""phraseology"": 3,
  ""grammar"": 3,
  ""conventions"": 3
}
```"
8C44127FF83C," ```json
{
  ""overall"": 2,
  ""cohesion"": 2,
  ""syntax"": 2,
  ""vocabulary"": 2,
  ""phraseology"": 2,
  ""grammar"": 2,
  ""conventions"": 2
}
```"
1FB9B9E08786," {
  ""overall"": 2,
  ""cohesion"": 2,
  ""syntax"": 2,
  ""vocabulary"": 2,
  ""phraseology"": 2,
  ""grammar"": 1,
  ""conventions"": 1
}"
840357B74A16," ```json
{
  ""overall"": 3,
  ""cohesion"": 3,
  ""syntax"": 3,
  ""vocabulary"": 3,
  ""phraseology"": 3,
  ""grammar"": 3,
  ""conventions"": 3
}
```"
4C6E08E611EA," {
  ""overall"": 3,
  ""cohesion"": 3,
  ""syntax"": 3,
  ""vocabulary"": 3,
  ""phraseology"": 2,
  ""grammar"": 2,
  ""conventions"": 2
}"
471BD41D6BA9," {
  ""overall"": 2,
  ""cohesion"": 2,
  ""syntax"": 2,
  ""vocabulary"": 3,
  ""phraseology"": 2,
  ""grammar"": 2,
  ""conventions"": 2
}"
48CD3C2E57E9," ```json
{
  ""overall"": 3,
  ""cohesion"": 3,
  ""syntax"": 3,
  ""vocabulary"": 3,
  ""phraseology"": 3,
  ""grammar"": 3,
  ""conventions"": 3
}
```"
50611B996992," {
  ""overall"": 2,
  ""cohesion"": 2,
  ""syntax"": 2,
  ""vocabulary"": 2,
  ""phraseology"": 2,
  ""grammar"": 2,
  ""conventions"": 2
}"
AD095F1ADE0A," {
  ""overall"": 2,
  ""cohesion"": 2,
  ""syntax"": 2,
  ""vocabulary"": 2,
  ""phraseology"": 2,
  ""grammar"": 1,
  ""conventions"": 1
}"
55AEC9A9BB4C," {
  ""overall"": 2,
  ""cohesion"": 2,
  ""syntax"": 2,
  ""vocabulary"": 2,
  ""phraseology"": 2,
  ""grammar"": 2,
  ""conventions"": 2
}"
77D8D85C6451," {
  ""overall"": 3,
  ""cohesion"": 3,
  ""syntax"": 3,
  ""vocabulary"": 3,
  ""phraseology"": 3,
  ""grammar"": 3,
  ""conventions"": 3
}"
9523FBA791BE," {
  ""overall"": 3,
  ""cohesion"": 3,
  ""syntax"": 3,
  ""vocabulary"": 3,
  ""phraseology"": 3,
  ""grammar"": 4,
  ""conventions"": 4
}"
D5AC4A35BAF8," {
  ""overall"": 2,
  ""cohesion"": 2,
  ""syntax"": 2,
  ""vocabulary"": 2,
  ""phraseology"": 2,
  ""grammar"": 2,
  ""conventions"": 2
}"
FCE7BA86AFDF," ```json
{
  ""overall"": 2,
  ""cohesion"": 2,
  ""syntax"": 2,
  ""vocabulary"": 2,
  ""phraseology"": 2,
  ""grammar"": 2,
  ""conventions"": 2
}
```"
662E92CD6A6E," {
  ""overall"": 3,
  ""cohesion"": 3,
  ""syntax"": 3,
  ""vocabulary"": 3,
  ""phraseology"": 3,
  ""grammar"": 4,
  ""conventions"": 4
}"
B5FF33681C22," {
  ""overall"": 3,
  ""cohesion"": 3,
  ""syntax"": 3,
  ""vocabulary"": 3,
  ""phraseology"": 3,
  ""grammar"": 3,
  ""conventions"": 3
}"
2F0BD3FAFB2E," {
  ""overall"": 3,
  ""cohesion"": 3,
  ""syntax"": 3,
  ""vocabulary"": 3,
  ""phraseology"": 3,
  ""grammar"": 3,
  ""conventions"": 3
}"
D3F44CC7EC17," {
  ""overall"": 3,
  ""cohesion"": 3,
  ""syntax"": 2,
  ""vocabulary"": 3,
  ""phraseology"": 2,
  ""grammar"": 2,
  ""conventions"": 2
}"
41EAC230D430," ```json
{
  ""overall"": 3,
  ""cohesion"": 3,
  ""syntax"": 3,
  ""vocabulary"": 3,
  ""phraseology"": 3,
  ""grammar"": 3,
  ""conventions"": 3
}
```"
E0BFF1488787," {
  ""overall"": 1,
  ""cohesion"": 1,
  ""syntax"": 1,
  ""vocabulary"": 1,
  ""phraseology"": 1,
  ""grammar"": 1,
  ""conventions"": 1
}"
4E81E4116D94," {
  ""overall"": 2,
  ""cohesion"": 2,
  ""syntax"": 2,
  ""vocabulary"": 2,
  ""phraseology"": 2,
  ""grammar"": 2,
  ""conventions"": 2
}"
999F3229AC57," {
  ""overall"": 2,
  ""cohesion"": 2,
  ""syntax"": 2,
  ""vocabulary"": 2,
  ""phraseology"": 2,
  ""grammar"": 2,
  ""conventions"": 2
}"
4A87CFC37238," ```json
{
  ""overall"": 4,
  ""cohesion"": 4,
  ""syntax"": 4,
  ""vocabulary"": 4,
  ""phraseology"": 4,
  ""grammar"": 4,
  ""conventions"": 4
}
```"
62A6A91A2C46," {
  ""overall"": 2,
  ""cohesion"": 2,
  ""syntax"": 2,
  ""vocabulary"": 2,
  ""phraseology"": 2,
  ""grammar"": 1,
  ""conventions"": 1
}"
48F7FCAD8B23," ```json
{
  ""overall"": 2,
  ""cohesion"": 2,
  ""syntax"": 2,
  ""vocabulary"": 2,
  ""phraseology"": 2,
  ""grammar"": 2,
  ""conventions"": 2
}
```"
5A75500DC0E2," {
  ""overall"": 2,
  ""cohesion"": 2,
  ""syntax"": 2,
  ""vocabulary"": 2,
  ""phraseology"": 2,
  ""grammar"": 2,
  ""conventions"": 2
}"
49619EA08A55," {
  ""overall"": 2,
  ""cohesion"": 2,
  ""syntax"": 2,
  ""vocabulary"": 2,
  ""phraseology"": 2,
  ""grammar"": 2,
  ""conventions"": 2
}"
39E0A362CF29," ```json
{
  ""overall"": 3,
  ""cohesion"": 3,
  ""syntax"": 3,
  ""vocabulary"": 3,
  ""phraseology"": 3,
  ""grammar"": 3,
  ""conventions"": 3
}
```"
480C577BC8C9," {
  ""overall"": 2,
  ""cohesion"": 2,
  ""syntax"": 2,
  ""vocabulary"": 2,
  ""phraseology"": 2,
  ""grammar"": 2,
  ""conventions"": 2
}"
2B62F285FD21," {
  ""overall"": 3,
  ""cohesion"": 3,
  ""syntax"": 3,
  ""vocabulary"": 3,
  ""phraseology"": 3,
  ""grammar"": 2,
  ""conventions"": 2
}"
947DF52352AB," {
  ""overall"": 2,
  ""cohesion"": 2,
  ""syntax"": 2,
  ""vocabulary"": 2,
  ""phraseology"": 2,
  ""grammar"": 2,
  ""conventions"": 2
}"
8AB06719AED1," ```json
{
  ""overall"": 2,
  ""cohesion"": 2,
  ""syntax"": 2,
  ""vocabulary"": 2,
  ""phraseology"": 2,
  ""grammar"": 2,
  ""conventions"": 2
}
```"
9054912D1EA7," {
  ""overall"": 2,
  ""cohesion"": 2,
  ""syntax"": 2,
  ""vocabulary"": 2,
  ""phraseology"": 2,
  ""grammar"": 1,
  ""conventions"": 1
}"
209A6BC99DB9," ```json
{
  ""overall"": 4,
  ""cohesion"": 4,
  ""syntax"": 4,
  ""vocabulary"": 4,
  ""phraseology"": 4,
  ""grammar"": 4,
  ""conventions"": 4
}
```"
3480D4CCF0B5," {
  ""overall"": 3,
  ""cohesion"": 3,
  ""syntax"": 3,
  ""vocabulary"": 3,
  ""phraseology"": 3,
  ""grammar"": 3,
  ""conventions"": 3
}"
2BAFBD6D9755," {
  ""overall"": 2,
  ""cohesion"": 2,
  ""syntax"": 2,
  ""vocabulary"": 2,
  ""phraseology"": 2,
  ""grammar"": 2,
  ""conventions"": 2
}"
C5813A0D6AF5," ```json
{
  ""overall"": 1,
  ""cohesion"": 1,
  ""syntax"": 1,
  ""vocabulary"": 1,
  ""phraseology"": 1,
  ""grammar"": 1,
  ""conventions"": 1
}
```"
3821238FE334," {
  ""overall"": 2,
  ""cohesion"": 2,
  ""syntax"": 2,
  ""vocabulary"": 2,
  ""phraseology"": 2,
  ""grammar"": 2,
  ""conventions"": 2
}"
E52BD4FC3FF0," {
  ""overall"": 2,
  ""cohesion"": 2,
  ""syntax"": 2,
  ""vocabulary"": 2,
  ""phraseology"": 2,
  ""grammar"": 1,
  ""conventions"": 1
}"
E376D913FA25," {
  ""overall"": 2,
  ""cohesion"": 2,
  ""syntax"": 2,
  ""vocabulary"": 2,
  ""phraseology"": 2,
  ""grammar"": 1,
  ""conventions"": 1
}"
41BB825BAEBB," ```json
{
  ""overall"": 3,
  ""cohesion"": 3,
  ""syntax"": 3,
  ""vocabulary"": 3,
  ""phraseology"": 3,
  ""grammar"": 2,
  ""conventions"": 2
}
```"
01E7242A2AD7," ```json
{
  ""overall"": 3,
  ""cohesion"": 3,
  ""syntax"": 3,
  ""vocabulary"": 3,
  ""phraseology"": 3,
  ""grammar"": 3,
  ""conventions"": 3
}
```"
3691B4714FD5," ```json
{
  ""overall"": 2,
  ""cohesion"": 2,
  ""syntax"": 2,
  ""vocabulary"": 2,
  ""phraseology"": 2,
  ""grammar"": 1,
  ""conventions"": 1
}
```"
ED57CFEC1CF1," ```json
{
  ""overall"": 1,
  ""cohesion"": 1,
  ""syntax"": 1,
  ""vocabulary"": 1,
  ""phraseology"": 1,
  ""grammar"": 1,
  ""conventions"": 1
}
```"
C868C220A380," {
  ""overall"": 2,
  ""cohesion"": 2,
  ""syntax"": 2,
  ""vocabulary"": 2,
  ""phraseology"": 1,
  ""grammar"": 1,
  ""conventions"": 1
}"
9E4F43374DD5," {
  ""overall"": 2,
  ""cohesion"": 2,
  ""syntax"": 2,
  ""vocabulary"": 2,
  ""phraseology"": 2,
  ""grammar"": 1,
  ""conventions"": 1
}"
AAF5D100E836," {
  ""overall"": 2,
  ""cohesion"": 2,
  ""syntax"": 2,
  ""vocabulary"": 2,
  ""phraseology"": 1,
  ""grammar"": 1,
  ""conventions"": 1
}"
E0B86027C5C5," ```json
{
  ""overall"": 2,
  ""cohesion"": 2,
  ""syntax"": 2,
  ""vocabulary"": 2,
  ""phraseology"": 2,
  ""grammar"": 2,
  ""conventions"": 2
}
```"
4CFAF19AF547," ```json
{
  ""overall"": 2,
  ""cohesion"": 2,
  ""syntax"": 2,
  ""vocabulary"": 2,
  ""phraseology"": 2,
  ""grammar"": 2,
  ""conventions"": 2
}
```"
7DC02C918305," ```json
{
  ""overall"": 3,
  ""cohesion"": 3,
  ""syntax"": 3,
  ""vocabulary"": 3,
  ""phraseology"": 3,
  ""grammar"": 2,
  ""conventions"": 2
}
```"
3EE4C10E9149," ```json
{
  ""overall"": 4,
  ""cohesion"": 4,
  ""syntax"": 4,
  ""vocabulary"": 4,
  ""phraseology"": 4,
  ""grammar"": 4,
  ""conventions"": 4
}
```"
9B4C52064991," {
  ""overall"": 2,
  ""cohesion"": 2,
  ""syntax"": 2,
  ""vocabulary"": 2,
  ""phraseology"": 2,
  ""grammar"": 2,
  ""conventions"": 2
}"
830CCF8E0B23," {
  ""overall"": 2,
  ""cohesion"": 2,
  ""syntax"": 2,
  ""vocabulary"": 2,
  ""phraseology"": 2,
  ""grammar"": 2,
  ""conventions"": 2
}"
366725B151D7," {
  ""overall"": 2,
  ""cohesion"": 2,
  ""syntax"": 2,
  ""vocabulary"": 3,
  ""phraseology"": 2,
  ""grammar"": 2,
  ""conventions"": 2
}"
6CB31DED1BF0," ```json
{
  ""overall"": 2,
  ""cohesion"": 2,
  ""syntax"": 2,
  ""vocabulary"": 2,
  ""phraseology"": 2,
  ""grammar"": 2,
  ""conventions"": 2
}
```"
A3C8FABB8B29," {
  ""overall"": 2,
  ""cohesion"": 2,
  ""syntax"": 2,
  ""vocabulary"": 2,
  ""phraseology"": 2,
  ""grammar"": 2,
  ""conventions"": 2
}"
20E194B18D0E," ```json
{
  ""overall"": 2,
  ""cohesion"": 2,
  ""syntax"": 2,
  ""vocabulary"": 2,
  ""phraseology"": 2,
  ""grammar"": 2,
  ""conventions"": 2
}
```"
CB0BF6DDF9B7," {
  ""overall"": 1,
  ""cohesion"": 1,
  ""syntax"": 1,
  ""vocabulary"": 1,
  ""phraseology"": 1,
  ""grammar"": 1,
  ""conventions"": 1
}"
29BB45AA907C," ```json
{
  ""overall"": 3,
  ""cohesion"": 3,
  ""syntax"": 3,
  ""vocabulary"": 3,
  ""phraseology"": 3,
  ""grammar"": 3,
  ""conventions"": 3
}
```"
0757FE18DBAA," {
  ""overall"": 2,
  ""cohesion"": 2,
  ""syntax"": 2,
  ""vocabulary"": 2,
  ""phraseology"": 2,
  ""grammar"": 1,
  ""conventions"": 1
}"
98D8FF9E3C56," ```json
{
  ""overall"": 3,
  ""cohesion"": 3,
  ""syntax"": 3,
  ""vocabulary"": 3,
  ""phraseology"": 3,
  ""grammar"": 3,
  ""conventions"": 3
}
```"
314E6ED40C6A," {
  ""overall"": 2,
  ""cohesion"": 2,
  ""syntax"": 2,
  ""vocabulary"": 3,
  ""phraseology"": 2,
  ""grammar"": 2,
  ""conventions"": 2
}"
B39F335086FB," {
  ""overall"": 3,
  ""cohesion"": 3,
  ""syntax"": 3,
  ""vocabulary"": 3,
  ""phraseology"": 3,
  ""grammar"": 2,
  ""conventions"": 2
}"
DE54A8F9C29C," ```json
{
  ""overall"": 4,
  ""cohesion"": 4,
  ""syntax"": 4,
  ""vocabulary"": 4,
  ""phraseology"": 4,
  ""grammar"": 4,
  ""conventions"": 4
}
```"
F7DC6C783239," ```json
{
  ""overall"": 2,
  ""cohesion"": 2,
  ""syntax"": 2,
  ""vocabulary"": 2,
  ""phraseology"": 2,
  ""grammar"": 2,
  ""conventions"": 2
}
```"
744C96D9BE0B," ```json
{
  ""overall"": 4,
  ""cohesion"": 4,
  ""syntax"": 4,
  ""vocabulary"": 4,
  ""phraseology"": 4,
  ""grammar"": 4,
  ""conventions"": 4
}
```"
6FBD476D8AC9," ```json
{
  ""overall"": 2,
  ""cohesion"": 2,
  ""syntax"": 2,
  ""vocabulary"": 2,
  ""phraseology"": 1,
  ""grammar"": 1,
  ""conventions"": 1
}
```"
4A3A73608D0E," ```json
{
  ""overall"": 3,
  ""cohesion"": 3,
  ""syntax"": 3,
  ""vocabulary"": 3,
  ""phraseology"": 3,
  ""grammar"": 3,
  ""conventions"": 3
}
```"
4994A639ED75," ```json
{
  ""overall"": 4,
  ""cohesion"": 4,
  ""syntax"": 4,
  ""vocabulary"": 4,
  ""phraseology"": 4,
  ""grammar"": 4,
  ""conventions"": 4
}
```"
D185087926CD," {
  ""overall"": 2,
  ""cohesion"": 2,
  ""syntax"": 2,
  ""vocabulary"": 2,
  ""phraseology"": 2,
  ""grammar"": 1,
  ""conventions"": 1
}"
6AA75E61D3C1," {
  ""overall"": 3,
  ""cohesion"": 3,
  ""syntax"": 2,
  ""vocabulary"": 3,
  ""phraseology"": 2,
  ""grammar"": 2,
  ""conventions"": 2
}"
78303F7A5AB0," {
  ""overall"": 3,
  ""cohesion"": 3,
  ""syntax"": 3,
  ""vocabulary"": 3,
  ""phraseology"": 3,
  ""grammar"": 2,
  ""conventions"": 2
}"
7F0B7DDE89B2," {
  ""overall"": 2,
  ""cohesion"": 2,
  ""syntax"": 2,
  ""vocabulary"": 2,
  ""phraseology"": 2,
  ""grammar"": 2,
  ""conventions"": 2
}"
C7BD62EA392F," {
  ""overall"": 3,
  ""cohesion"": 3,
  ""syntax"": 3,
  ""vocabulary"": 3,
  ""phraseology"": 3,
  ""grammar"": 3,
  ""conventions"": 3
}"
0A67029FA17C," ```json
{
  ""overall"": 1,
  ""cohesion"": 1,
  ""syntax"": 1,
  ""vocabulary"": 1,
  ""phraseology"": 1,
  ""grammar"": 1,
  ""conventions"": 1
}
```"
38E03AE14C78," ```json
{
  ""overall"": 4,
  ""cohesion"": 3,
  ""syntax"": 3,
  ""vocabulary"": 3,
  ""phraseology"": 3,
  ""grammar"": 3,
  ""conventions"": 3
}
```"
B558AFC603D4," ```json
{
  ""overall"": 2,
  ""cohesion"": 2,
  ""syntax"": 2,
  ""vocabulary"": 2,
  ""phraseology"": 2,
  ""grammar"": 2,
  ""conventions"": 2
}
```"
918C1880FCD8," ```json
{
  ""overall"": 3,
  ""cohesion"": 3,
  ""syntax"": 3,
  ""vocabulary"": 3,
  ""phraseology"": 3,
  ""grammar"": 3,
  ""conventions"": 3
}
```"
B6E9E12159E3," {
  ""overall"": 2,
  ""cohesion"": 2,
  ""syntax"": 2,
  ""vocabulary"": 3,
  ""phraseology"": 2,
  ""grammar"": 2,
  ""conventions"": 1
}"
8B155840CA6D," ```json
{
  ""overall"": 3,
  ""cohesion"": 3,
  ""syntax"": 3,
  ""vocabulary"": 3,
  ""phraseology"": 3,
  ""grammar"": 3,
  ""conventions"": 3
}
```"
BF267B42A2A4," ```json
{
  ""overall"": 2,
  ""cohesion"": 2,
  ""syntax"": 2,
  ""vocabulary"": 2,
  ""phraseology"": 2,
  ""grammar"": 2,
  ""conventions"": 2
}
```"
56E188D44884," {
  ""overall"": 3,
  ""cohesion"": 2,
  ""syntax"": 2,
  ""vocabulary"": 3,
  ""phraseology"": 2,
  ""grammar"": 2,
  ""conventions"": 2
}"
29595ADA257B," ```json
{
  ""overall"": 2,
  ""cohesion"": 2,
  ""syntax"": 2,
  ""vocabulary"": 2,
  ""phraseology"": 2,
  ""grammar"": 2,
  ""conventions"": 2
}
```"
E4C49D70C330," ```json
{
  ""overall"": 3,
  ""cohesion"": 3,
  ""syntax"": 3,
  ""vocabulary"": 3,
  ""phraseology"": 3,
  ""grammar"": 3,
  ""conventions"": 3
}
```"
3EEB66F3630C," {
  ""overall"": 2,
  ""cohesion"": 2,
  ""syntax"": 2,
  ""vocabulary"": 2,
  ""phraseology"": 1,
  ""grammar"": 1,
  ""conventions"": 1
}"
C0BC39F655F9," {
  ""overall"": 3,
  ""cohesion"": 3,
  ""syntax"": 3,
  ""vocabulary"": 3,
  ""phraseology"": 3,
  ""grammar"": 2,
  ""conventions"": 2
}"
253B2D521F14," ```json
{
  ""overall"": 2,
  ""cohesion"": 2,
  ""syntax"": 2,
  ""vocabulary"": 2,
  ""phraseology"": 2,
  ""grammar"": 2,
  ""conventions"": 2
}
```"
A0C5D3BB735F," ```json
{
  ""overall"": 2,
  ""cohesion"": 2,
  ""syntax"": 2,
  ""vocabulary"": 2,
  ""phraseology"": 2,
  ""grammar"": 2,
  ""conventions"": 2
}
```"
FBC269A9D3AE," ```json
{
  ""overall"": 4,
  ""cohesion"": 4,
  ""syntax"": 4,
  ""vocabulary"": 4,
  ""phraseology"": 4,
  ""grammar"": 4,
  ""conventions"": 4
}
```"
41AEF2D0D03E," ```json
{
  ""overall"": 2,
  ""cohesion"": 2,
  ""syntax"": 2,
  ""vocabulary"": 2,
  ""phraseology"": 2,
  ""grammar"": 2,
  ""conventions"": 2
}
```"
44C1594D0950," ```json
{
  ""overall"": 3,
  ""cohesion"": 3,
  ""syntax"": 3,
  ""vocabulary"": 3,
  ""phraseology"": 3,
  ""grammar"": 3,
  ""conventions"": 3
}
```"
DE962FEDCD9E," ```json
{
  ""overall"": 2,
  ""cohesion"": 2,
  ""syntax"": 2,
  ""vocabulary"": 2,
  ""phraseology"": 2,
  ""grammar"": 2,
  ""conventions"": 2
}
```"
40788D50B102," {
  ""overall"": 2,
  ""cohesion"": 2,
  ""syntax"": 2,
  ""vocabulary"": 2,
  ""phraseology"": 2,
  ""grammar"": 1,
  ""conventions"": 1
}"
17C7C1CAF7E8," {
  ""overall"": 2,
  ""cohesion"": 2,
  ""syntax"": 2,
  ""vocabulary"": 2,
  ""phraseology"": 2,
  ""grammar"": 1,
  ""conventions"": 1
}"
9E4E221D8419," ```json
{
  ""overall"": 3,
  ""cohesion"": 3,
  ""syntax"": 3,
  ""vocabulary"": 3,
  ""phraseology"": 3,
  ""grammar"": 3,
  ""conventions"": 3
}
```"
506A69171959," ```json
{
  ""overall"": 3,
  ""cohesion"": 3,
  ""syntax"": 3,
  ""vocabulary"": 3,
  ""phraseology"": 3,
  ""grammar"": 3,
  ""conventions"": 3
}
```"
4D35A86F4929," {
  ""overall"": 3,
  ""cohesion"": 3,
  ""syntax"": 3,
  ""vocabulary"": 3,
  ""phraseology"": 3,
  ""grammar"": 3,
  ""conventions"": 3
}"
112B891A4F41," {
  ""overall"": 2,
  ""cohesion"": 2,
  ""syntax"": 2,
  ""vocabulary"": 2,
  ""phraseology"": 2,
  ""grammar"": 1,
  ""conventions"": 1
}"
71A9098715EB," ```json
{
  ""overall"": 2,
  ""cohesion"": 2,
  ""syntax"": 2,
  ""vocabulary"": 2,
  ""phraseology"": 2,
  ""grammar"": 2,
  ""conventions"": 2
}
```"
87E3F6FDAA68," {
  ""overall"": 3,
  ""cohesion"": 3,
  ""syntax"": 3,
  ""vocabulary"": 3,
  ""phraseology"": 3,
  ""grammar"": 3,
  ""conventions"": 3
}"
ADFE2CDB6FF1," ```json
{
  ""overall"": 2,
  ""cohesion"": 2,
  ""syntax"": 2,
  ""vocabulary"": 2,
  ""phraseology"": 2,
  ""grammar"": 2,
  ""conventions"": 2
}
```"
83FD2977A14D," {
  ""overall"": 3,
  ""cohesion"": 3,
  ""syntax"": 3,
  ""vocabulary"": 3,
  ""phraseology"": 2,
  ""grammar"": 2,
  ""conventions"": 2
}"
8C5BF0347F87," ```json
{
  ""overall"": 2,
  ""cohesion"": 2,
  ""syntax"": 2,
  ""vocabulary"": 2,
  ""phraseology"": 2,
  ""grammar"": 2,
  ""conventions"": 2
}
```"
0CFDDC1CF75A," {
  ""overall"": 1,
  ""cohesion"": 1,
  ""syntax"": 1,
  ""vocabulary"": 1,
  ""phraseology"": 1,
  ""grammar"": 1,
  ""conventions"": 1
}"
3DB503D247B3," ```json
{
  ""overall"": 2,
  ""cohesion"": 2,
  ""syntax"": 2,
  ""vocabulary"": 2,
  ""phraseology"": 2,
  ""grammar"": 2,
  ""conventions"": 2
}
```"
56AC4BE71C2F," {
  ""overall"": 2,
  ""cohesion"": 2,
  ""syntax"": 2,
  ""vocabulary"": 3,
  ""phraseology"": 2,
  ""grammar"": 2,
  ""conventions"": 1
}"
85E3C840FCBF," {
  ""overall"": 3,
  ""cohesion"": 3,
  ""syntax"": 3,
  ""vocabulary"": 3,
  ""phraseology"": 3,
  ""grammar"": 3,
  ""conventions"": 3
}"
1D9F4510A90B," {
  ""overall"": 3,
  ""cohesion"": 3,
  ""syntax"": 3,
  ""vocabulary"": 3,
  ""phraseology"": 3,
  ""grammar"": 2,
  ""conventions"": 2
}"
74FF4379012C," {
  ""overall"": 4,
  ""cohesion"": 4,
  ""syntax"": 4,
  ""vocabulary"": 4,
  ""phraseology"": 4,
  ""grammar"": 4,
  ""conventions"": 4
}"
D5202DF530D1," {
  ""overall"": 3,
  ""cohesion"": 3,
  ""syntax"": 3,
  ""vocabulary"": 3,
  ""phraseology"": 3,
  ""grammar"": 2,
  ""conventions"": 2
}"
642E44E8DD25," ```json
{
  ""overall"": 2,
  ""cohesion"": 2,
  ""syntax"": 2,
  ""vocabulary"": 2,
  ""phraseology"": 2,
  ""grammar"": 2,
  ""conventions"": 2
}
```"
5E32A7855A7F," {
  ""overall"": 3,
  ""cohesion"": 3,
  ""syntax"": 3,
  ""vocabulary"": 3,
  ""phraseology"": 3,
  ""grammar"": 3,
  ""conventions"": 3
}"
4032ED0063E4," ```json
{
  ""overall"": 2,
  ""cohesion"": 2,
  ""syntax"": 2,
  ""vocabulary"": 2,
  ""phraseology"": 2,
  ""grammar"": 2,
  ""conventions"": 2
}
```"
2C9EA803FF3A," ```json
{
  ""overall"": 3,
  ""cohesion"": 3,
  ""syntax"": 3,
  ""vocabulary"": 3,
  ""phraseology"": 3,
  ""grammar"": 3,
  ""conventions"": 3
}
```"
10DA9316D02D," ```json
{
  ""overall"": 2,
  ""cohesion"": 2,
  ""syntax"": 2,
  ""vocabulary"": 3,
  ""phraseology"": 2,
  ""grammar"": 2,
  ""conventions"": 2
}
```"
25130AAA9552," {
  ""overall"": 1,
  ""cohesion"": 1,
  ""syntax"": 1,
  ""vocabulary"": 1,
  ""phraseology"": 1,
  ""grammar"": 1,
  ""conventions"": 1
}"
1151BAA93780," {
  ""overall"": 3,
  ""cohesion"": 3,
  ""syntax"": 3,
  ""vocabulary"": 3,
  ""phraseology"": 3,
  ""grammar"": 3,
  ""conventions"": 3
}"
63146C2EA477," ```json
{
  ""overall"": 2,
  ""cohesion"": 2,
  ""syntax"": 2,
  ""vocabulary"": 2,
  ""phraseology"": 2,
  ""grammar"": 1,
  ""conventions"": 1
}
```"
23F0ABEF8370," {
  ""overall"": 2,
  ""cohesion"": 2,
  ""syntax"": 2,
  ""vocabulary"": 2,
  ""phraseology"": 2,
  ""grammar"": 2,
  ""conventions"": 2
}"
0F9DDF417CDA," ```json
{
  ""overall"": 2,
  ""cohesion"": 2,
  ""syntax"": 2,
  ""vocabulary"": 3,
  ""phraseology"": 2,
  ""grammar"": 2,
  ""conventions"": 2
}
```"
871097AE113C," {
  ""overall"": 1,
  ""cohesion"": 1,
  ""syntax"": 1,
  ""vocabulary"": 1,
  ""phraseology"": 1,
  ""grammar"": 1,
  ""conventions"": 1
}"
C27C72D6E208," ```json
{
  ""overall"": 3,
  ""cohesion"": 4,
  ""syntax"": 4,
  ""vocabulary"": 4,
  ""phraseology"": 3,
  ""grammar"": 4,
  ""conventions"": 4
}
```"
90978A2F8599," {
  ""overall"": 2,
  ""cohesion"": 2,
  ""syntax"": 2,
  ""vocabulary"": 2,
  ""phraseology"": 2,
  ""grammar"": 2,
  ""conventions"": 2
}"
83FEB27FD31E," {
  ""overall"": 3,
  ""cohesion"": 3,
  ""syntax"": 3,
  ""vocabulary"": 3,
  ""phraseology"": 3,
  ""grammar"": 3,
  ""conventions"": 3
}"
8B1F8FCC9E56," ```json
{
  ""overall"": 2,
  ""cohesion"": 2,
  ""syntax"": 2,
  ""vocabulary"": 2,
  ""phraseology"": 2,
  ""grammar"": 2,
  ""conventions"": 2
}
```"
A2BA5F95C077," {
  ""overall"": 2,
  ""cohesion"": 2,
  ""syntax"": 2,
  ""vocabulary"": 2,
  ""phraseology"": 2,
  ""grammar"": 2,
  ""conventions"": 2
}"
E8C554B25F19," ```json
{
  ""overall"": 2,
  ""cohesion"": 2,
  ""syntax"": 2,
  ""vocabulary"": 2,
  ""phraseology"": 2,
  ""grammar"": 2
}
```"
9B5E142C63AC," ```json
{
  ""overall"": 3,
  ""cohesion"": 3,
  ""syntax"": 3,
  ""vocabulary"": 3,
  ""phraseology"": 3,
  ""grammar"": 3,
  ""conventions"": 3
}
```"
8EE0540E163D," {
  ""overall"": 1,
  ""cohesion"": 1,
  ""syntax"": 1,
  ""vocabulary"": 1,
  ""phraseology"": 1,
  ""grammar"": 1,
  ""conventions"": 1
}"
68C346DDE213," ```json
{
  ""overall"": 4,
  ""cohesion"": 4,
  ""syntax"": 3,
  ""vocabulary"": 4,
  ""phraseology"": 4,
  ""grammar"": 4,
  ""conventions"": 4
}
```"
D99C71A15BA0," {
  ""overall"": 2,
  ""cohesion"": 2,
  ""syntax"": 2,
  ""vocabulary"": 2,
  ""phraseology"": 2,
  ""grammar"": 1,
  ""conventions"": 1
}"
14B667544F4E," {
  ""overall"": 2,
  ""cohesion"": 2,
  ""syntax"": 2,
  ""vocabulary"": 2,
  ""phraseology"": 2,
  ""grammar"": 2,
  ""conventions"": 2
}"
2DA1C5338C78," ```json
{
  ""overall"": 5,
  ""cohesion"": 5,
  ""syntax"": 5,
  ""vocabulary"": 5,
  ""phraseology"": 5,
  ""grammar"": 5,
  ""conventions"": 5
}
```"
8B1883B7393C," ```json
{
  ""overall"": 3,
  ""cohesion"": 3,
  ""syntax"": 3,
  ""vocabulary"": 3,
  ""phraseology"": 3,
  ""grammar"": 4,
  ""conventions"": 4
}
```"
5E830B6462DB," ```json
{
  ""overall"": 2,
  ""cohesion"": 2,
  ""syntax"": 2,
  ""vocabulary"": 2,
  ""phraseology"": 2,
  ""grammar"": 2,
  ""conventions"": 2
}
```"
669A736CF0B4," ```json
{
  ""overall"": 2,
  ""cohesion"": 2,
  ""syntax"": 2,
  ""vocabulary"": 2,
  ""phraseology"": 2,
  ""grammar"": 2,
  ""conventions"": 2
}
```"
24008FFDB479," ```json
{
  ""overall"": 3,
  ""cohesion"": 4,
  ""syntax"": 3,
  ""vocabulary"": 4,
  ""phraseology"": 3,
  ""grammar"": 3,
  ""conventions"": 3
}
```"
60623DB5DE7A," {
  ""overall"": 3,
  ""cohesion"": 3,
  ""syntax"": 3,
  ""vocabulary"": 3,
  ""phraseology"": 3,
  ""grammar"": 3,
  ""conventions"": 3
}"
BD9FE34E4670," ```json
{
  ""overall"": 3,
  ""cohesion"": 3,
  ""syntax"": 3,
  ""vocabulary"": 3,
  ""phraseology"": 3,
  ""grammar"": 2,
  ""conventions"": 2
}
```"
8C8B11C308CF," ```json
{
  ""overall"": 2,
  ""cohesion"": 2,
  ""syntax"": 2,
  ""vocabulary"": 2,
  ""phraseology"": 2,
  ""grammar"": 2,
  ""conventions"": 2
}
```"
5EE6F7530113," ```json
{
  ""overall"": 2,
  ""cohesion"": 2,
  ""syntax"": 2,
  ""vocabulary"": 3,
  ""phraseology"": 2,
  ""grammar"": 2,
  ""conventions"": 2
}
```"
76C2E20AF20E," ```json
{
  ""overall"": 3,
  ""cohesion"": 3,
  ""syntax"": 3,
  ""vocabulary"": 3,
  ""phraseology"": 3,
  ""grammar"": 3,
  ""conventions"": 3
}
```"
46977B27324C," {
  ""overall"": 3,
  ""cohesion"": 3,
  ""syntax"": 3,
  ""vocabulary"": 3,
  ""phraseology"": 3,
  ""grammar"": 3,
  ""conventions"": 3
}"
AA03F87A4A75," {
  ""overall"": 2,
  ""cohesion"": 2,
  ""syntax"": 2,
  ""vocabulary"": 2,
  ""phraseology"": 2,
  ""grammar"": 2,
  ""conventions"": 2
}"
02A7A3AFFBD5," {
  ""overall"": 2,
  ""cohesion"": 1,
  ""syntax"": 2,
  ""vocabulary"": 2,
  ""phraseology"": 1,
  ""grammar"": 2,
  ""conventions"": 2
}"
907FC59841EC," {
  ""overall"": 1,
  ""cohesion"": 1,
  ""syntax"": 1,
  ""vocabulary"": 1,
  ""phraseology"": 1,
  ""grammar"": 1,
  ""conventions"": 1
}"
E52BA6E4D7EE," {
  ""overall"": 2,
  ""cohesion"": 2,
  ""syntax"": 2,
  ""vocabulary"": 2,
  ""phraseology"": 2,
  ""grammar"": 1,
  ""conventions"": 1
}"
E3DBC3B092A7," {
  ""overall"": 2,
  ""cohesion"": 2,
  ""syntax"": 2,
  ""vocabulary"": 2,
  ""phraseology"": 2,
  ""grammar"": 2,
  ""conventions"": 2
}"
12E3D52345C6," ```json
{
  ""overall"": 5,
  ""cohesion"": 5,
  ""syntax"": 5,
  ""vocabulary"": 5,
  ""phraseology"": 5,
  ""grammar"": 5,
  ""conventions"": 5
}
```"
51A7C4616A18," {
  ""overall"": 2,
  ""cohesion"": 2,
  ""syntax"": 2,
  ""vocabulary"": 2,
  ""phraseology"": 1,
  ""grammar"": 1,
  ""conventions"": 1
}"
04FA62C5F269," ```json
{
  ""overall"": 2,
  ""cohesion"": 2,
  ""syntax"": 2,
  ""vocabulary"": 2,
  ""phraseology"": 2,
  ""grammar"": 2,
  ""conventions"": 2
}
```"
C537E278BAE6," {
  ""overall"": 2,
  ""cohesion"": 2,
  ""syntax"": 2,
  ""vocabulary"": 2,
  ""phraseology"": 2,
  ""grammar"": 1,
  ""conventions"": 1
}"
34E9C436DECE," ```json
{
  ""overall"": 3,
  ""cohesion"": 3,
  ""syntax"": 3,
  ""vocabulary"": 3,
  ""phraseology"": 3,
  ""grammar"": 3,
  ""conventions"": 3
}
```"
52D244740799," {
  ""overall"": 2,
  ""cohesion"": 2,
  ""syntax"": 2,
  ""vocabulary"": 2,
  ""phraseology"": 2,
  ""grammar"": 2,
  ""conventions"": 2
}"
916C937AF222," {
  ""overall"": 4,
  ""cohesion"": 4,
  ""syntax"": 4,
  ""vocabulary"": 4,
  ""phraseology"": 4,
  ""grammar"": 4,
  ""conventions"": 4
}"
A9A0D8CE21B4," ```json
{
  ""overall"": 2,
  ""cohesion"": 2,
  ""syntax"": 2,
  ""vocabulary"": 2,
  ""phraseology"": 2,
  ""grammar"": 1,
  ""conventions"": 1
}
```"
219E44AA7948," ```json
{
  ""overall"": 3,
  ""cohesion"": 3,
  ""syntax"": 3,
  ""vocabulary"": 3,
  ""phraseology"": 3,
  ""grammar"": 3,
  ""conventions"": 3
}
```"
507FAD8DAFB0," {
  ""overall"": 3,
  ""cohesion"": 2,
  ""syntax"": 2,
  ""vocabulary"": 2,
  ""phraseology"": 2,
  ""grammar"": 2,
  ""conventions"": 2
}"
F5EA98F42452," {
  ""overall"": 3,
  ""cohesion"": 3,
  ""syntax"": 3,
  ""vocabulary"": 3,
  ""phraseology"": 3,
  ""grammar"": 3,
  ""conventions"": 3
}"
CD506B5747F7," {
  ""overall"": 2,
  ""cohesion"": 2,
  ""syntax"": 2,
  ""vocabulary"": 2,
  ""phraseology"": 2,
  ""grammar"": 2,
  ""conventions"": 2
}"
7D1825E2F4AD," {
  ""overall"": 2,
  ""cohesion"": 2,
  ""syntax"": 2,
  ""vocabulary"": 2,
  ""phraseology"": 2,
  ""grammar"": 2,
  ""conventions"": 2
}"
4F5775B0B88D," {
  ""overall"": 2,
  ""cohesion"": 2,
  ""syntax"": 2,
  ""vocabulary"": 2,
  ""phraseology"": 2,
  ""grammar"": 2,
  ""conventions"": 2
}"
A85F9CF7691D," {
  ""overall"": 2,
  ""cohesion"": 2,
  ""syntax"": 2,
  ""vocabulary"": 2,
  ""phraseology"": 2,
  ""grammar"": 2,
  ""conventions"": 2
}"
EFB208F9EF60," {
  ""overall"": 2,
  ""cohesion"": 2,
  ""syntax"": 2,
  ""vocabulary"": 2,
  ""phraseology"": 1,
  ""grammar"": 1,
  ""conventions"": 1
}"
AE6AE119B52F," ```json
{
  ""overall"": 2,
  ""cohesion"": 2,
  ""syntax"": 2,
  ""vocabulary"": 2,
  ""phraseology"": 2,
  ""grammar"": 2,
  ""conventions"": 2
}
```"
4E8ED336CF7E," {
  ""overall"": 1,
  ""cohesion"": 1,
  ""syntax"": 1,
  ""vocabulary"": 1,
  ""phraseology"": 1,
  ""grammar"": 1,
  ""conventions"": 1
}"
111443A063CE," ```json
{
  ""overall"": 3,
  ""cohesion"": 3,
  ""syntax"": 3,
  ""vocabulary"": 3,
  ""phraseology"": 3,
  ""grammar"": 3,
  ""conventions"": 3
}
```"
1B2274161889," {
  ""overall"": 3,
  ""cohesion"": 2,
  ""syntax"": 3,
  ""vocabulary"": 3,
  ""phraseology"": 3,
  ""grammar"": 3,
  ""conventions"": 3
}"
5C9B1FB411EB," {
  ""overall"": 2,
  ""cohesion"": 2,
  ""syntax"": 2,
  ""vocabulary"": 3,
  ""phraseology"": 2,
  ""grammar"": 2,
  ""conventions"": 2
}"
9213A16C1A0A," {
  ""overall"": 1,
  ""cohesion"": 1,
  ""syntax"": 1,
  ""vocabulary"": 1,
  ""phraseology"": 1,
  ""grammar"": 1,
  ""conventions"": 1
}"
FC9DA73D1EA0," {
  ""overall"": 3,
  ""cohesion"": 3,
  ""syntax"": 3,
  ""vocabulary"": 3,
  ""phraseology"": 3,
  ""grammar"": 3,
  ""conventions"": 3
}"
EBEFF43F46EE," {
  ""overall"": 4,
  ""cohesion"": 4,
  ""syntax"": 4,
  ""vocabulary"": 4,
  ""phraseology"": 4,
  ""grammar"": 4,
  ""conventions"": 4
}"
E78C1D3328E3," ```json
{
  ""overall"": 2,
  ""cohesion"": 2,
  ""syntax"": 2,
  ""vocabulary"": 2,
  ""phraseology"": 2,
  ""grammar"": 1,
  ""conventions"": 1
}
```"
3B81809AA132," ```json
{
  ""overall"": 2,
  ""cohesion"": 2,
  ""syntax"": 2,
  ""vocabulary"": 2,
  ""phraseology"": 2,
  ""grammar"": 2,
  ""conventions"": 2
}
```"
14ED79D68BC4," {
  ""overall"": 3,
  ""cohesion"": 3,
  ""syntax"": 2,
  ""vocabulary"": 3,
  ""phraseology"": 2,
  ""grammar"": 2,
  ""conventions"": 2
}"
2A426B89E8C5," ```json
{
  ""overall"": 4,
  ""cohesion"": 4,
  ""syntax"": 4,
  ""vocabulary"": 4,
  ""phraseology"": 4,
  ""grammar"": 4,
  ""conventions"": 4
}
```"
67F6FEDD7677," {
  ""overall"": 2,
  ""cohesion"": 2,
  ""syntax"": 2,
  ""vocabulary"": 2,
  ""phraseology"": 2,
  ""grammar"": 2,
  ""conventions"": 2
}"
C2DCF6EED519," {
  ""overall"": 2,
  ""cohesion"": 2,
  ""syntax"": 2,
  ""vocabulary"": 2,
  ""phraseology"": 2,
  ""grammar"": 1,
  ""conventions"": 1
}"
16BE136AB3A7," ```json
{
  ""overall"": 2,
  ""cohesion"": 2,
  ""syntax"": 2,
  ""vocabulary"": 2,
  ""phraseology"": 2,
  ""grammar"": 1,
  ""conventions"": 1
}
```"
C3D8BAA89C4F," ```json
{
  ""overall"": 3,
  ""cohesion"": 3,
  ""syntax"": 3,
  ""vocabulary"": 3,
  ""phraseology"": 3,
  ""grammar"": 3,
  ""conventions"": 3
}
```"
4FD2B58768E2," {
  ""overall"": 2,
  ""cohesion"": 2,
  ""syntax"": 2,
  ""vocabulary"": 2,
  ""phraseology"": 2,
  ""grammar"": 2,
  ""conventions"": 2
}"
6D9728CB8711," {
  ""overall"": 3,
  ""cohesion"": 3,
  ""syntax"": 2,
  ""vocabulary"": 3,
  ""phraseology"": 2,
  ""grammar"": 2,
  ""conventions"": 2
}"
253108CDC69F," {
  ""overall"": 2,
  ""cohesion"": 2,
  ""syntax"": 2,
  ""vocabulary"": 2,
  ""phraseology"": 2,
  ""grammar"": 2,
  ""conventions"": 2
}"
19692639977E," ```json
{
  ""overall"": 2,
  ""cohesion"": 2,
  ""syntax"": 2,
  ""vocabulary"": 2,
  ""phraseology"": 2,
  ""grammar"": 1,
  ""conventions"": 1
}
```"
6ED616EC6B00," ```json
{
  ""overall"": 2,
  ""cohesion"": 2,
  ""syntax"": 2,
  ""vocabulary"": 2,
  ""phraseology"": 2,
  ""grammar"": 2,
  ""conventions"": 2
}
```"
34D76C62269C," {
  ""overall"": 3,
  ""cohesion"": 3,
  ""syntax"": 3,
  ""vocabulary"": 3,
  ""phraseology"": 3,
  ""grammar"": 3,
  ""conventions"": 3
}"
9FFDCC21CAA0," {
  ""overall"": 2,
  ""cohesion"": 2,
  ""syntax"": 2,
  ""vocabulary"": 3,
  ""phraseology"": 2,
  ""grammar"": 1,
  ""conventions"": 1
}"
BC227A70B60E," ```json
{
  ""overall"": 2,
  ""cohesion"": 2,
  ""syntax"": 2,
  ""vocabulary"": 2,
  ""phraseology"": 2,
  ""grammar"": 2,
  ""conventions"": 2
}
```"
6F63F3BCD18D," ```json
{
  ""overall"": 2,
  ""cohesion"": 2,
  ""syntax"": 2,
  ""vocabulary"": 2,
  ""phraseology"": 2,
  ""grammar"": 2,
  ""conventions"": 2
}
```"
E2A60C034849," {
  ""overall"": 2,
  ""cohesion"": 2,
  ""syntax"": 2,
  ""vocabulary"": 2,
  ""phraseology"": 2,
  ""grammar"": 2,
  ""conventions"": 2
}"
D5C7212A31FD," ```json
{
  ""overall"": 2,
  ""cohesion"": 2,
  ""syntax"": 2,
  ""vocabulary"": 2,
  ""phraseology"": 2,
  ""grammar"": 2,
  ""conventions"": 2
}
```"
80172B0A969C," ```json
{
  ""overall"": 1,
  ""cohesion"": 1,
  ""syntax"": 1,
  ""vocabulary"": 1,
  ""phraseology"": 1,
  ""grammar"": 1,
  ""conventions"": 1
}
```"
A0B58CDB939A," {
  ""overall"": 2,
  ""cohesion"": 2,
  ""syntax"": 2,
  ""vocabulary"": 2,
  ""phraseology"": 2,
  ""grammar"": 2,
  ""conventions"": 2
}"
DDD24AF9146F," ```json
{
  ""overall"": 3,
  ""cohesion"": 3,
  ""syntax"": 3,
  ""vocabulary"": 3,
  ""phraseology"": 3,
  ""grammar"": 3,
  ""conventions"": 3
}
```"
858DFA7A9980," ```json
{
  ""overall"": 2,
  ""cohesion"": 2,
  ""syntax"": 2,
  ""vocabulary"": 2,
  ""phraseology"": 2,
  ""grammar"": 2,
  ""conventions"": 2
}
```"
109CBA5203BB," ```json
{
  ""overall"": 4,
  ""cohesion"": 4,
  ""syntax"": 4,
  ""vocabulary"": 4,
  ""phraseology"": 4,
  ""grammar"": 4,
  ""conventions"": 4
}
```"
6AB122D640E1," {
  ""overall"": 2,
  ""cohesion"": 2,
  ""syntax"": 2,
  ""vocabulary"": 3,
  ""phraseology"": 2,
  ""grammar"": 2,
  ""conventions"": 2
}"
9EBCC1131B13," {
  ""overall"": 3,
  ""cohesion"": 3,
  ""syntax"": 3,
  ""vocabulary"": 3,
  ""phraseology"": 3,
  ""grammar"": 3,
  ""conventions"": 3
}"
9551DA943B01," {
  ""overall"": 3,
  ""cohesion"": 3,
  ""syntax"": 3,
  ""vocabulary"": 3,
  ""phraseology"": 3,
  ""grammar"": 3,
  ""conventions"": 3
}"
9CB6D9467227," ```json
{
  ""overall"": 3,
  ""cohesion"": 3,
  ""syntax"": 3,
  ""vocabulary"": 3,
  ""phraseology"": 3,
  ""grammar"": 3,
  ""conventions"": 3
}
```"
B37D0A9D7859," ```json
{
  ""overall"": 3,
  ""cohesion"": 3,
  ""syntax"": 3,
  ""vocabulary"": 3,
  ""phraseology"": 3,
  ""grammar"": 2,
  ""conventions"": 2
}
```"
AF7DB5739529," ```json
{
  ""overall"": 2,
  ""cohesion"": 2,
  ""syntax"": 2,
  ""vocabulary"": 3,
  ""phraseology"": 2,
  ""grammar"": 2,
  ""conventions"": 2
}
```"
07A4DAFDE5B7," ```json
{
  ""overall"": 2,
  ""cohesion"": 2,
  ""syntax"": 2,
  ""vocabulary"": 3,
  ""phraseology"": 2,
  ""grammar"": 2,
  ""conventions"": 2
}
```"
AF6A4C253262," {
  ""overall"": 3,
  ""cohesion"": 3,
  ""syntax"": 3,
  ""vocabulary"": 3,
  ""phraseology"": 3,
  ""grammar"": 3,
  ""conventions"": 3
}"
269101ABF266," {
  ""overall"": 2,
  ""cohesion"": 2,
  ""syntax"": 2,
  ""vocabulary"": 2,
  ""phraseology"": 2,
  ""grammar"": 2,
  ""conventions"": 2
}"
CB13841D09DF," {
  ""overall"": 3,
  ""cohesion"": 3,
  ""syntax"": 3,
  ""vocabulary"": 3,
  ""phraseology"": 3,
  ""grammar"": 3,
  ""conventions"": 3
}"
2E6495FC2C72," {
  ""overall"": 2,
  ""cohesion"": 2,
  ""syntax"": 2,
  ""vocabulary"": 2,
  ""phraseology"": 2,
  ""grammar"": 2,
  ""conventions"": 2
}"
CB769FAD1A51," {
  ""overall"": 3,
  ""cohesion"": 3,
  ""syntax"": 3,
  ""vocabulary"": 3,
  ""phraseology"": 3,
  ""grammar"": 3,
  ""conventions"": 3
}"
F48D7BBAF52D," {
  ""overall"": 2,
  ""cohesion"": 2,
  ""syntax"": 2,
  ""vocabulary"": 3,
  ""phraseology"": 2,
  ""grammar"": 2,
  ""conventions"": 2
}"
593E2802E27C," {
  ""overall"": 1,
  ""cohesion"": 1,
  ""syntax"": 1,
  ""vocabulary"": 1,
  ""phraseology"": 1,
  ""grammar"": 1,
  ""conventions"": 1
}"
F934542997DC," ```json
{
  ""overall"": 2,
  ""cohesion"": 2,
  ""syntax"": 2,
  ""vocabulary"": 3,
  ""phraseology"": 2,
  ""grammar"": 2,
  ""conventions"": 2
}
```"
A6745A8EE7AF," {
  ""overall"": 2,
  ""cohesion"": 2,
  ""syntax"": 2,
  ""vocabulary"": 3,
  ""phraseology"": 2,
  ""grammar"": 1,
  ""conventions"": 1
}"
1A69B2FC1200," {
  ""overall"": 2,
  ""cohesion"": 2,
  ""syntax"": 2,
  ""vocabulary"": 2,
  ""phraseology"": 2,
  ""grammar"": 2,
  ""conventions"": 2
}"
8311ABD30CC1," {
  ""overall"": 2,
  ""cohesion"": 2,
  ""syntax"": 2,
  ""vocabulary"": 2,
  ""phraseology"": 2,
  ""grammar"": 2,
  ""conventions"": 2
}"
591B7E3E2B40," {
  ""overall"": 2,
  ""cohesion"": 2,
  ""syntax"": 2,
  ""vocabulary"": 2,
  ""phraseology"": 2,
  ""grammar"": 2,
  ""conventions"": 2
}"
1D327ADD95AA," ```json
{
  ""overall"": 5,
  ""cohesion"": 5,
  ""syntax"": 5,
  ""vocabulary"": 5,
  ""phraseology"": 5,
  ""grammar"": 5,
  ""conventions"": 5
}
```"
7B557B2F27CE," ```json
{
  ""overall"": 2,
  ""cohesion"": 2,
  ""syntax"": 2,
  ""vocabulary"": 2,
  ""phraseology"": 2,
  ""grammar"": 2,
  ""conventions"": 2
}
```"
5086E20438E9," ```json
{
  ""overall"": 1,
  ""cohesion"": 1,
  ""syntax"": 1,
  ""vocabulary"": 1,
  ""phraseology"": 1,
  ""grammar"": 1,
  ""conventions"": 1
}
```"
D25868F1C5C3," {
  ""overall"": 1,
  ""cohesion"": 1,
  ""syntax"": 1,
  ""vocabulary"": 1,
  ""phraseology"": 1,
  ""grammar"": 1,
  ""conventions"": 1
}"
F1BB39C5E549," {
  ""overall"": 2,
  ""cohesion"": 2,
  ""syntax"": 2,
  ""vocabulary"": 2,
  ""phraseology"": 2,
  ""grammar"": 2,
  ""conventions"": 2
}"
471C6119911D," ```json
{
  ""overall"": 2,
  ""cohesion"": 2,
  ""syntax"": 2,
  ""vocabulary"": 3,
  ""phraseology"": 2,
  ""grammar"": 2,
  ""conventions"": 2
}
```"
10490469631A," ```json
{
  ""overall"": 3,
  ""cohesion"": 4,
  ""syntax"": 4,
  ""vocabulary"": 4,
  ""phraseology"": 3,
  ""grammar"": 4,
  ""conventions"": 4
}
```"
EC719533AB43," {
  ""overall"": 2,
  ""cohesion"": 2,
  ""syntax"": 2,
  ""vocabulary"": 2,
  ""phraseology"": 2,
  ""grammar"": 1,
  ""conventions"": 1
}"
4B0F6070B45A," {
  ""overall"": 2,
  ""cohesion"": 2,
  ""syntax"": 2,
  ""vocabulary"": 2,
  ""phraseology"": 2,
  ""grammar"": 1,
  ""conventions"": 1
}"
A1A83A14B53F," {
  ""overall"": 2,
  ""cohesion"": 2,
  ""syntax"": 2,
  ""vocabulary"": 3,
  ""phraseology"": 2,
  ""grammar"": 1,
  ""conventions"": 1
}"
BE4764F7BFF1," ```json
{
  ""overall"": 2,
  ""cohesion"": 2,
  ""syntax"": 2,
  ""vocabulary"": 3,
  ""phraseology"": 2,
  ""grammar"": 3,
  ""conventions"": 3
}
```"
76BC1CB29C1E," ```json
{
  ""overall"": 2,
  ""cohesion"": 2,
  ""syntax"": 2,
  ""vocabulary"": 2,
  ""phraseology"": 2,
  ""grammar"": 2,
  ""conventions"": 2
}
```"
CA6EBB87D7FF," {
  ""overall"": 2,
  ""cohesion"": 2,
  ""syntax"": 2,
  ""vocabulary"": 3,
  ""phraseology"": 2,
  ""grammar"": 2,
  ""conventions"": 2
}"
4BE3F5DCD6C9," {
  ""overall"": 2,
  ""cohesion"": 2,
  ""syntax"": 2,
  ""vocabulary"": 2,
  ""phraseology"": 2,
  ""grammar"": 1,
  ""conventions"": 1
}"
87692B9A8184," ```json
{
  ""overall"": 3,
  ""cohesion"": 3,
  ""syntax"": 3,
  ""vocabulary"": 3,
  ""phraseology"": 3,
  ""grammar"": 3,
  ""conventions"": 3
}
```"
AA7B4CC7EE1B," ```json
{
  ""overall"": 3,
  ""cohesion"": 3,
  ""syntax"": 3,
  ""vocabulary"": 3,
  ""phraseology"": 3,
  ""grammar"": 3,
  ""conventions"": 3
}
```"
B46E31AA2653," ```json
{
  ""overall"": 3,
  ""cohesion"": 3,
  ""syntax"": 3,
  ""vocabulary"": 3,
  ""phraseology"": 3,
  ""grammar"": 2,
  ""conventions"": 2
}
```"
60EAF2CDEB66," ```json
{
  ""overall"": 2,
  ""cohesion"": 2,
  ""syntax"": 2,
  ""vocabulary"": 2,
  ""phraseology"": 2,
  ""grammar"": 2,
  ""conventions"": 2
}
```"
3F4A9ACFEDFB," ```json
{
  ""overall"": 1,
  ""cohesion"": 1,
  ""syntax"": 1,
  ""vocabulary"": 1,
  ""phraseology"": 1,
  ""grammar"": 1,
  ""conventions"": 1
}
```"
AA9429AD1038," {
  ""overall"": 2,
  ""cohesion"": 2,
  ""syntax"": 2,
  ""vocabulary"": 2,
  ""phraseology"": 2,
  ""grammar"": 2,
  ""conventions"": 2
}"
759E0659FF69," ```json
{
  ""overall"": 1,
  ""cohesion"": 1,
  ""syntax"": 1,
  ""vocabulary"": 1,
  ""phraseology"": 1,
  ""grammar"": 1,
  ""conventions"": 1
}
```"
681B9CD21B07," {
  ""overall"": 2,
  ""cohesion"": 2,
  ""syntax"": 2,
  ""vocabulary"": 2,
  ""phraseology"": 2,
  ""grammar"": 1,
  ""conventions"": 1
}"
ABB6A19842F1," ```json
{
  ""overall"": 2,
  ""cohesion"": 2,
  ""syntax"": 2,
  ""vocabulary"": 2,
  ""phraseology"": 2,
  ""grammar"": 2,
  ""conventions"": 2
}
```"
6B20E9C115AF," ```json
{
  ""overall"": 3,
  ""cohesion"": 3,
  ""syntax"": 3,
  ""vocabulary"": 3,
  ""phraseology"": 3,
  ""grammar"": 3,
  ""conventions"": 3
}
```"
ED9C6EDC5601," {
  ""overall"": 3,
  ""cohesion"": 3,
  ""syntax"": 3,
  ""vocabulary"": 3,
  ""phraseology"": 3,
  ""grammar"": 4,
  ""conventions"": 4
}"
C1D243FAE6FF," {
  ""overall"": 2,
  ""cohesion"": 2,
  ""syntax"": 2,
  ""vocabulary"": 2,
  ""phraseology"": 2,
  ""grammar"": 2,
  ""conventions"": 2
}"
36311D8E825C," {
  ""overall"": 2,
  ""cohesion"": 2,
  ""syntax"": 2,
  ""vocabulary"": 2,
  ""phraseology"": 2,
  ""grammar"": 2,
  ""conventions"": 2
}"
0ACB3F8B9DF8," {
  ""overall"": 2,
  ""cohesion"": 2,
  ""syntax"": 2,
  ""vocabulary"": 2,
  ""phraseology"": 2,
  ""grammar"": 2,
  ""conventions"": 2
}"
F12FEB0FE5B6," ```json
{
  ""overall"": 2,
  ""cohesion"": 2,
  ""syntax"": 2,
  ""vocabulary"": 2,
  ""phraseology"": 2,
  ""grammar"": 2,
  ""conventions"": 2
}
```"
CEACA9EC34F8," {
  ""overall"": 2,
  ""cohesion"": 2,
  ""syntax"": 2,
  ""vocabulary"": 2,
  ""phraseology"": 2,
  ""grammar"": 2,
  ""conventions"": 2
}"
1B981E7E59C5," {
  ""overall"": 2,
  ""cohesion"": 2,
  ""syntax"": 2,
  ""vocabulary"": 2,
  ""phraseology"": 2,
  ""grammar"": 2,
  ""conventions"": 2
}"
73268F15F18B," {
  ""overall"": 4,
  ""cohesion"": 4,
  ""syntax"": 4,
  ""vocabulary"": 4,
  ""phraseology"": 4,
  ""grammar"": 4,
  ""conventions"": 4
}"
38CADC812CBA," {
  ""overall"": 2,
  ""cohesion"": 2,
  ""syntax"": 2,
  ""vocabulary"": 3,
  ""phraseology"": 2,
  ""grammar"": 2,
  ""conventions"": 2
}"
9D3EE733AE65," {
  ""overall"": 2,
  ""cohesion"": 2,
  ""syntax"": 2,
  ""vocabulary"": 2,
  ""phraseology"": 2,
  ""grammar"": 2,
  ""conventions"": 2
}"
9F979C691167," {
  ""overall"": 1,
  ""cohesion"": 1,
  ""syntax"": 1,
  ""vocabulary"": 1,
  ""phraseology"": 1,
  ""grammar"": 1,
  ""conventions"": 1
}"
26650408983," ```json
{
  ""overall"": 2,
  ""cohesion"": 2,
  ""syntax"": 2,
  ""vocabulary"": 2,
  ""phraseology"": 2,
  ""grammar"": 2,
  ""conventions"": 2
}
```"
D8284C3B2D2C," {
  ""overall"": 3,
  ""cohesion"": 3,
  ""syntax"": 3,
  ""vocabulary"": 3,
  ""phraseology"": 3,
  ""grammar"": 3,
  ""conventions"": 3
}"
857574FE9711," {
  ""overall"": 2,
  ""cohesion"": 2,
  ""syntax"": 2,
  ""vocabulary"": 2,
  ""phraseology"": 2,
  ""grammar"": 1,
  ""conventions"": 1
}"
24DAF94F0A18," ```json
{
  ""overall"": 2,
  ""cohesion"": 2,
  ""syntax"": 2,
  ""vocabulary"": 2,
  ""phraseology"": 2,
  ""grammar"": 2,
  ""conventions"": 2
}
```"
4C3AFB55C4F7," ```json
{
  ""overall"": 3,
  ""cohesion"": 3,
  ""syntax"": 3,
  ""vocabulary"": 3,
  ""phraseology"": 3,
  ""grammar"": 3,
  ""conventions"": 3
}
```"
C5784E7398EC," {
  ""overall"": 2,
  ""cohesion"": 2,
  ""syntax"": 2,
  ""vocabulary"": 2,
  ""phraseology"": 2,
  ""grammar"": 2,
  ""conventions"": 2
}"
1703E46B4DC9," {
  ""overall"": 3,
  ""cohesion"": 3,
  ""syntax"": 3,
  ""vocabulary"": 3,
  ""phraseology"": 3,
  ""grammar"": 3,
  ""conventions"": 3
}"
AFBC394080FC," ```json
{
  ""overall"": 2,
  ""cohesion"": 2,
  ""syntax"": 2,
  ""vocabulary"": 2,
  ""phraseology"": 2,
  ""grammar"": 1,
  ""conventions"": 1
}
```"
7A2F7AAFA6C8," ```json
{
  ""overall"": 2,
  ""cohesion"": 2,
  ""syntax"": 2,
  ""vocabulary"": 2,
  ""phraseology"": 1,
  ""grammar"": 1,
  ""conventions"": 1
}
```"
8BF621177FB3," {
  ""overall"": 2,
  ""cohesion"": 2,
  ""syntax"": 2,
  ""vocabulary"": 3,
  ""phraseology"": 2,
  ""grammar"": 2,
  ""conventions"": 2
}"
8399BA1DF44B," ```json
{
  ""overall"": 1,
  ""cohesion"": 1,
  ""syntax"": 1,
  ""vocabulary"": 1,
  ""phraseology"": 1,
  ""grammar"": 1,
  ""conventions"": 1
}
```"
13AB4CC7F80F," ```json
{
  ""overall"": 2,
  ""cohesion"": 2,
  ""syntax"": 2,
  ""vocabulary"": 2,
  ""phraseology"": 2,
  ""grammar"": 2,
  ""conventions"": 2
}
```"
A055576C0F9E," ```json
{
  ""overall"": 2,
  ""cohesion"": 2,
  ""syntax"": 2,
  ""vocabulary"": 3,
  ""phraseology"": 2,
  ""grammar"": 2,
  ""conventions"": 2
}
```"
AC7AB280A93C," {
  ""overall"": 1,
  ""cohesion"": 1,
  ""syntax"": 1,
  ""vocabulary"": 1,
  ""phraseology"": 1,
  ""grammar"": 1,
  ""conventions"": 1
}"
702A25E4B218," ```json
{
  ""overall"": 2,
  ""cohesion"": 2,
  ""syntax"": 2,
  ""vocabulary"": 2,
  ""phraseology"": 2,
  ""grammar"": 2,
  ""conventions"": 2
}
```"
211699D25472," ```json
{
  ""overall"": 3,
  ""cohesion"": 3,
  ""syntax"": 3,
  ""vocabulary"": 3,
  ""phraseology"": 3,
  ""grammar"": 2,
  ""conventions"": 2
}
```"
CFBD5DD8ECFD," {
  ""overall"": 3,
  ""cohesion"": 3,
  ""syntax"": 3,
  ""vocabulary"": 3,
  ""phraseology"": 3,
  ""grammar"": 3,
  ""conventions"": 3
}"
134937CE445C," {
  ""overall"": 3,
  ""cohesion"": 3,
  ""syntax"": 3,
  ""vocabulary"": 3,
  ""phraseology"": 3,
  ""grammar"": 2,
  ""conventions"": 2
}"
17FC8F322225," {
  ""overall"": 3,
  ""cohesion"": 3,
  ""syntax"": 3,
  ""vocabulary"": 3,
  ""phraseology"": 3,
  ""grammar"": 3,
  ""conventions"": 3
}"
5E3EA4C47C9A," {
  ""overall"": 3,
  ""cohesion"": 3,
  ""syntax"": 3,
  ""vocabulary"": 3,
  ""phraseology"": 3,
  ""grammar"": 3,
  ""conventions"": 3
}"
22F571F54234," ```json
{
  ""overall"": 4,
  ""cohesion"": 4,
  ""syntax"": 4,
  ""vocabulary"": 4,
  ""phraseology"": 4,
  ""grammar"": 4,
  ""conventions"": 4
}
```"
BC4A0CFD6CAF," ```json
{
  ""overall"": 2,
  ""cohesion"": 2,
  ""syntax"": 2,
  ""vocabulary"": 2,
  ""phraseology"": 2,
  ""grammar"": 2,
  ""conventions"": 2
}
```"
CD586C88F4F3," {
  ""overall"": 3,
  ""cohesion"": 3,
  ""syntax"": 3,
  ""vocabulary"": 3,
  ""phraseology"": 3,
  ""grammar"": 2,
  ""conventions"": 2
}"
3F12BC08B53F," {
  ""overall"": 2,
  ""cohesion"": 2,
  ""syntax"": 2,
  ""vocabulary"": 2,
  ""phraseology"": 2,
  ""grammar"": 2,
  ""conventions"": 1
}"
DC1271D1294D," {
  ""overall"": 2,
  ""cohesion"": 2,
  ""syntax"": 2,
  ""vocabulary"": 2,
  ""phraseology"": 2,
  ""grammar"": 2,
  ""conventions"": 2
}"
663149D85F9C," {
  ""overall"": 2,
  ""cohesion"": 2,
  ""syntax"": 2,
  ""vocabulary"": 2,
  ""phraseology"": 2,
  ""grammar"": 2,
  ""conventions"": 2
}"
4E3FEE69D23E," ```json
{
  ""overall"": 2,
  ""cohesion"": 2,
  ""syntax"": 2,
  ""vocabulary"": 3,
  ""phraseology"": 2,
  ""grammar"": 2,
  ""conventions"": 2
}
```"
D579D6F26A91," {
  ""overall"": 2,
  ""cohesion"": 2,
  ""syntax"": 2,
  ""vocabulary"": 2,
  ""phraseology"": 2,
  ""grammar"": 2,
  ""conventions"": 2
}"
B1C43F31DAA7," {
  ""overall"": 3,
  ""cohesion"": 3,
  ""syntax"": 3,
  ""vocabulary"": 3,
  ""phraseology"": 3,
  ""grammar"": 3,
  ""conventions"": 3
}"
B385E5EE33B9," {
  ""overall"": 2,
  ""cohesion"": 2,
  ""syntax"": 2,
  ""vocabulary"": 2,
  ""phraseology"": 2,
  ""grammar"": 2,
  ""conventions"": 2
}"
65975436BE5C," ```json
{
  ""overall"": 3,
  ""cohesion"": 3,
  ""syntax"": 3,
  ""vocabulary"": 3,
  ""phraseology"": 3,
  ""grammar"": 3,
  ""conventions"": 3
}
```"
27DBD975EC8E," ```json
{
  ""overall"": 2,
  ""cohesion"": 2,
  ""syntax"": 2,
  ""vocabulary"": 2,
  ""phraseology"": 2,
  ""grammar"": 2,
  ""conventions"": 2
}
```"
B0AA5045D915," {
  ""overall"": 3,
  ""cohesion"": 3,
  ""syntax"": 3,
  ""vocabulary"": 3,
  ""phraseology"": 3,
  ""grammar"": 3,
  ""conventions"": 3
}"
2B63A9B12B5B," {
  ""overall"": 3,
  ""cohesion"": 3,
  ""syntax"": 3,
  ""vocabulary"": 3,
  ""phraseology"": 3,
  ""grammar"": 3,
  ""conventions"": 3
}"
03FDC60BE33B," ```json
{
  ""overall"": 3,
  ""cohesion"": 3,
  ""syntax"": 3,
  ""vocabulary"": 3,
  ""phraseology"": 3,
  ""grammar"": 3,
  ""conventions"": 3
}
```"
E22F1FD54169," ```json
{
  ""overall"": 2,
  ""cohesion"": 1,
  ""syntax"": 1,
  ""vocabulary"": 2,
  ""phraseology"": 1,
  ""grammar"": 1,
  ""conventions"": 1
}
```"
08D8232F2D78," {
  ""overall"": 3,
  ""cohesion"": 3,
  ""syntax"": 3,
  ""vocabulary"": 3,
  ""phraseology"": 3,
  ""grammar"": 3,
  ""conventions"": 3
}"
0C1EDBE2EEC3," {
  ""overall"": 3,
  ""cohesion"": 3,
  ""syntax"": 3,
  ""vocabulary"": 3,
  ""phraseology"": 3,
  ""grammar"": 3,
  ""conventions"": 3
}"
0F706EB152E7," {
  ""overall"": 2,
  ""cohesion"": 2,
  ""syntax"": 2,
  ""vocabulary"": 2,
  ""phraseology"": 2,
  ""grammar"": 2,
  ""conventions"": 2
}"
1F8441914809," ```json
{
  ""overall"": 2,
  ""cohesion"": 2,
  ""syntax"": 2,
  ""vocabulary"": 2,
  ""phraseology"": 2,
  ""grammar"": 2,
  ""conventions"": 2
}
```"
8650DDFD974B," {
  ""overall"": 3,
  ""cohesion"": 3,
  ""syntax"": 3,
  ""vocabulary"": 3,
  ""phraseology"": 3,
  ""grammar"": 3,
  ""conventions"": 3
}"
991748F8ED61," ```json
{
  ""overall"": 2,
  ""cohesion"": 2,
  ""syntax"": 2,
  ""vocabulary"": 2,
  ""phraseology"": 2,
  ""grammar"": 2,
  ""conventions"": 2
}
```"
01D8970208A9," ```json
{
  ""overall"": 3,
  ""cohesion"": 3,
  ""syntax"": 3,
  ""vocabulary"": 3,
  ""phraseology"": 3,
  ""grammar"": 3,
  ""conventions"": 3
}
```"
F6C88F801A8A," {
  ""overall"": 2,
  ""cohesion"": 2,
  ""syntax"": 2,
  ""vocabulary"": 2,
  ""phraseology"": 2,
  ""grammar"": 1,
  ""conventions"": 1
}"
